rrrr4;;rr@rr.com;;;;;
rr6;;rr;;;;;
rrrr10;;rr@rr.com;;;;;
rrrr2;;rr@rr.com;;;;;
rrrr13;;rr@rr.com;;;;;
rrrr11;;rr@rr.com;;;;;
rr5;;rr;;;;;
rrrr15;$2a$12$y9IcBaFiinSveQbPrGKxceItOOz/5kitCtyYOqoEQc.8GZ8NApLa6;rr@rr.com;;;;;
rrrr8;;rr@rr.com;;;;;
rrrr;;rr@rr.com;;;;;
rrrr9;;rr@rr.com;;;;;
rrrr5;;rr@rr.com;;;;;
rrrr7;;rr@rr.com;;;;;
rrrr14;;rr@rr.com;;;;;
rrrr6;;rr@rr.com;;;;;
user1;$2a$12$F7dVzOpIt3ZhS2FoOWbqeOTmp0ZwSw4F4oWx1x.Y.qluaGCxHPQCG;user1@user1.com;;;;;
rrrr12;;rr@rr.com;;;;;
rrrr16;$2a$12$nBembEfz8l1Nfgy/In/W2O2YIkB9meoDecDIM3YXlJkgKxtJ4kYeq;rr@rr.com;;;;;
rrrr3;;rr@rr.com;;;;;
